{
    "8 Tasks": {
        "TSV-M": {
            "Cars": 0.7046387265265515,
            "DTD": 0.8521276595744681,
            "EuroSAT": 0.95125,
            "GTSRB": 0.9212193190815519,
            "MNIST": 0.9928,
            "RESISC45": 0.8588888888888889,
            "SVHN": 0.916180086047941,
            "SUN397": 0.6721410579345088
        },
        "TSV-C": {
            "Cars": 0.7714214649919164,
            "DTD": 0.9744680851063829,
            "EuroSAT": 0.9981944444444445,
            "GTSRB": 0.9901821060965954,
            "MNIST": 0.9968,
            "RESISC45": 0.9550793650793651,
            "SVHN": 0.9754532882606023,
            "SUN397": 0.7486146095717884
        },
        "Weight Average": {
            "Cars": 0.6317622186295236,
            "DTD": 0.5553191489361702,
            "EuroSAT": 0.7205092592592592,
            "GTSRB": 0.5293745051464767,
            "MNIST": 0.8681,
            "RESISC45": 0.7192063492063492,
            "SVHN": 0.6314920098340504,
            "SUN397": 0.6510831234256927
        },
        "Consensus TA": {
            "Cars": 0.6184554159930357,
            "DTD": 0.6441489361702127,
            "EuroSAT": 0.8295370370370371,
            "GTSRB": 0.7312747426761679,
            "MNIST": 0.9803,
            "RESISC45": 0.7606349206349207,
            "SVHN": 0.8074677320221266,
            "SUN397": 0.6309319899244332
        },
        "Task Arithmetic": {
            "Cars": 0.6218132073125233,
            "DTD": 0.5904255319148937,
            "EuroSAT": 0.7816666666666666,
            "GTSRB": 0.6443388756927949,
            "MNIST": 0.9353,
            "RESISC45": 0.7261904761904762,
            "SVHN": 0.7277965580823602,
            "SUN397": 0.6356675062972292
        },
        "Zero-shot": {
            "Cars": 0.5973137669444099,
            "DTD": 0.4398936170212766,
            "EuroSAT": 0.46143518518518517,
            "GTSRB": 0.32557403008709423,
            "MNIST": 0.4825,
            "RESISC45": 0.6065079365079366,
            "SVHN": 0.3160725261216964,
            "SUN397": 0.6318387909319899
        }
    },
    "14 Tasks": {
        "TSV-M": {
            "Cars": 0.6016664593955976,
            "DTD": 0.7563829787234042,
            "EuroSAT": 0.9205092592592593,
            "GTSRB": 0.8471100554235946,
            "MNIST": 0.9894,
            "RESISC45": 0.8034920634920635,
            "SVHN": 0.8445374923171481,
            "SUN397": 0.6497229219143577,
            "STL10": 0.968375,
            "OxfordIIITPet": 0.9007904061052058,
            "Flowers102": 0.7497154008781916,
            "CIFAR100": 0.7039,
            "PCAM": 0.8389892578125,
            "FER2013": 0.6342992477013095
        },
        "TSV-C": {
            "Cars": 0.7568710359408034,
            "DTD": 0.9696808510638298,
            "EuroSAT": 0.9980555555555556,
            "GTSRB": 0.9890736342042755,
            "MNIST": 0.9969,
            "RESISC45": 0.953015873015873,
            "SVHN": 0.9750307314074985,
            "SUN397": 0.7404030226700252,
            "STL10": 0.98075,
            "OxfordIIITPet": 0.9106023439629327,
            "Flowers102": 0.8879492600422833,
            "CIFAR100": 0.8795,
            "PCAM": 0.884674072265625,
            "FER2013": 0.7181666202284759
        },
        "Weight Average": {
            "Cars": 0.6086307673174979,
            "DTD": 0.498936170212766,
            "EuroSAT": 0.6227777777777778,
            "GTSRB": 0.43927157561361835,
            "MNIST": 0.7521,
            "RESISC45": 0.670952380952381,
            "SVHN": 0.4985786724031961,
            "SUN397": 0.6438790931989924,
            "STL10": 0.9705,
            "OxfordIIITPet": 0.880348868901608,
            "Flowers102": 0.6807610993657506,
            "CIFAR100": 0.6988,
            "PCAM": 0.6220703125,
            "FER2013": 0.4205906937865701
        },
        "Consensus TA": {
            "Cars": 0.5811466235542843,
            "DTD": 0.5803191489361702,
            "EuroSAT": 0.7639351851851852,
            "GTSRB": 0.6144893111638955,
            "MNIST": 0.9253,
            "RESISC45": 0.6958730158730159,
            "SVHN": 0.6589966195451752,
            "SUN397": 0.6362216624685139,
            "STL10": 0.958625,
            "OxfordIIITPet": 0.8713545925320251,
            "Flowers102": 0.6924703203772972,
            "CIFAR100": 0.6847,
            "PCAM": 0.738616943359375,
            "FER2013": 0.4524937308442463
        },
        "Task Arithmetic": {
            "Cars": 0.5959457778883224,
            "DTD": 0.5138297872340426,
            "EuroSAT": 0.6465740740740741,
            "GTSRB": 0.4753760886777514,
            "MNIST": 0.8001,
            "RESISC45": 0.6774603174603174,
            "SVHN": 0.5283881376767056,
            "SUN397": 0.6397984886649875,
            "STL10": 0.965125,
            "OxfordIIITPet": 0.8743526846552194,
            "Flowers102": 0.6739307204423484,
            "CIFAR100": 0.693,
            "PCAM": 0.6356201171875,
            "FER2013": 0.4258846475341321
        },
        "Zero-shot": {
            "Cars": 0.5973137669444099,
            "DTD": 0.4398936170212766,
            "EuroSAT": 0.46143518518518517,
            "GTSRB": 0.32557403008709423,
            "MNIST": 0.4825,
            "RESISC45": 0.6065079365079366,
            "SVHN": 0.3160725261216964,
            "SUN397": 0.6318387909319899,
            "STL10": 0.97125,
            "OxfordIIITPet": 0.8746252384846007,
            "Flowers102": 0.6648235485444788,
            "CIFAR100": 0.642,
            "PCAM": 0.606201171875,
            "FER2013": 0.38980217330732797
        }
    },
    "20 Tasks": {
        "TSV-M": {
            "Cars": 0.5225718194254446,
            "DTD": 0.7031914893617022,
            "EuroSAT": 0.8733333333333333,
            "GTSRB": 0.7679334916864609,
            "MNIST": 0.9448,
            "RESISC45": 0.7547619047619047,
            "SVHN": 0.7581054087277197,
            "SUN397": 0.6433249370277078,
            "STL10": 0.9655,
            "OxfordIIITPet": 0.8887980376124285,
            "Flowers102": 0.7119856887298748,
            "CIFAR100": 0.6782,
            "PCAM": 0.843292236328125,
            "FER2013": 0.5792699916411257,
            "CIFAR10": 0.9366,
            "Food101": 0.7773069306930693,
            "FashionMNIST": 0.8547,
            "RenderedSST2": 0.7018121911037891,
            "EMNIST": 0.95445,
            "KMNIST": 0.5533
        },
        "TSV-C": {
            "Cars": 0.7423206068896904,
            "DTD": 0.9648936170212766,
            "EuroSAT": 0.9978703703703704,
            "GTSRB": 0.9874901029295329,
            "MNIST": 0.9968,
            "RESISC45": 0.9515873015873015,
            "SVHN": 0.9748770743700061,
            "SUN397": 0.7335516372795969,
            "STL10": 0.98025,
            "OxfordIIITPet": 0.908149359498501,
            "Flowers102": 0.8785168320052041,
            "CIFAR100": 0.8732,
            "PCAM": 0.886962890625,
            "FER2013": 0.7135692393424352,
            "CIFAR10": 0.9764,
            "Food101": 0.881940594059406,
            "FashionMNIST": 0.9495,
            "RenderedSST2": 0.7501372872048325,
            "EMNIST": 0.9977,
            "KMNIST": 0.9833
        },
        "Weight Average": {
            "Cars": 0.5949508767566223,
            "DTD": 0.4765957446808511,
            "EuroSAT": 0.5695833333333333,
            "GTSRB": 0.4134600158353127,
            "MNIST": 0.6996,
            "RESISC45": 0.6480952380952381,
            "SVHN": 0.4785264290104487,
            "SUN397": 0.6397481108312343,
            "STL10": 0.969125,
            "OxfordIIITPet": 0.8759880076315072,
            "Flowers102": 0.6659619450317125,
            "CIFAR100": 0.6933,
            "PCAM": 0.620849609375,
            "FER2013": 0.40847032599609917,
            "CIFAR10": 0.9274,
            "Food101": 0.8114059405940595,
            "FashionMNIST": 0.7077,