{
    "8 Tasks": {
        "TSV-M": {
            "Cars": 0.8959084690958836,
            "DTD": 0.9345744680851064,
            "EuroSAT": 0.9899537037037037,
            "GTSRB": 0.9637371338083928,
            "MNIST": 0.9954,
            "RESISC45": 0.9317460317460318,
            "SVHN": 0.9509834050399508,
            "SUN397": 0.7762216624685139
        },
        "TSV-C": {
            "Cars": 0.9150603158811094,
            "DTD": 0.9819148936170212,
            "EuroSAT": 0.9987037037037036,
            "GTSRB": 0.9915281076801267,
            "MNIST": 0.9979,
            "RESISC45": 0.9711111111111111,
            "SVHN": 0.9814074984634297,
            "SUN397": 0.8169269521410579
        },
        "Weight Average": {
            "Cars": 0.8159432906354931,
            "DTD": 0.6686170212765957,
            "EuroSAT": 0.8997222222222222,
            "GTSRB": 0.6918448139350752,
            "MNIST": 0.9689,
            "RESISC45": 0.823015873015873,
            "SVHN": 0.7788491087891826,
            "SUN397": 0.7177329974811083
        },
        "Consensus TA": {
            "Cars": 0.8275090162915061,
            "DTD": 0.7691489361702127,
            "EuroSAT": 0.9491203703703703,
            "GTSRB": 0.8956452889944576,
            "MNIST": 0.9944,
            "RESISC45": 0.8601587301587301,
            "SVHN": 0.8709280885064536,
            "SUN397": 0.7401007556675063
        },
        "Task Arithmetic": {
            "Cars": 0.8215396095013058,
            "DTD": 0.7361702127659574,
            "EuroSAT": 0.9335648148148148,
            "GTSRB": 0.8530482977038797,
            "MNIST": 0.9902,
            "RESISC45": 0.8641269841269841,
            "SVHN": 0.8617854947756607,
            "SUN397": 0.7343576826196474
        },
        "Zero-shot": {
            "Cars": 0.7775152344235792,
            "DTD": 0.5531914893617021,
            "EuroSAT": 0.5986574074074074,
            "GTSRB": 0.5055423594615994,
            "MNIST": 0.7636,
            "RESISC45": 0.7104761904761905,
            "SVHN": 0.5844729563614014,
            "SUN397": 0.6827707808564232
        }
    },
    "14 Tasks": {
        "TSV-M": {
            "Cars": 0.8605894789205323,
            "DTD": 0.8819148936170212,
            "EuroSAT": 0.9807407407407407,
            "GTSRB": 0.9413301662707838,
            "MNIST": 0.9947,
            "RESISC45": 0.9212698412698412,
            "SVHN": 0.9317378610940381,
            "SUN397": 0.7574811083123426,
            "STL10": 0.994,
            "OxfordIIITPet": 0.961297356227855,
            "Flowers102": 0.870710684664173,
            "CIFAR100": 0.857,
            "PCAM": 0.845703125,
            "FER2013": 0.6855670103092784
        },
        "TSV-C": {
            "Cars": 0.9108319860713842,
            "DTD": 0.9776595744680852,
            "EuroSAT": 0.9986574074074074,
            "GTSRB": 0.9910530482977039,
            "MNIST": 0.9978,
            "RESISC45": 0.9698412698412698,
            "SVHN": 0.9813306699446834,
            "SUN397": 0.8113853904282116,
            "STL10": 0.994625,
            "OxfordIIITPet": 0.9563913872989915,
            "Flowers102": 0.9760936737680924,
            "CIFAR100": 0.9267,
            "PCAM": 0.904937744140625,
            "FER2013": 0.7685984954026192
        },
        "Weight Average": {
            "Cars": 0.7970401691331924,
            "DTD": 0.6164893617021276,
            "EuroSAT": 0.8213425925925926,
            "GTSRB": 0.6164687252573239,
            "MNIST": 0.9385,
            "RESISC45": 0.7801587301587302,
            "SVHN": 0.7279118008604795,
            "SUN397": 0.7085138539042821,
            "STL10": 0.99375,
            "OxfordIIITPet": 0.946852003270646,
            "Flowers102": 0.8046836884046187,
            "CIFAR100": 0.8279,
            "PCAM": 0.740325927734375,
            "FER2013": 0.4233769852326553
        },
        "Consensus TA": {
            "Cars": 0.7879616963064295,
            "DTD": 0.6978723404255319,
            "EuroSAT": 0.9265740740740741,
            "GTSRB": 0.8475059382422803,
            "MNIST": 0.9898,
            "RESISC45": 0.8307936507936508,
            "SVHN": 0.8466502765826674,
            "SUN397": 0.7282619647355164,
            "STL10": 0.988125,
            "OxfordIIITPet": 0.9539384028345598,
            "Flowers102": 0.7710196779964222,
            "CIFAR100": 0.8202,
            "PCAM": 0.834014892578125,
            "FER2013": 0.4955419336862636
        },
        "Task Arithmetic": {
            "Cars": 0.7654520582017162,
            "DTD": 0.6531914893617021,
            "EuroSAT": 0.8619444444444444,
            "GTSRB": 0.7365795724465558,
            "MNIST": 0.9772,
            "RESISC45": 0.8098412698412698,
            "SVHN": 0.803280577750461,
            "SUN397": 0.7152141057934509,
            "STL10": 0.98725,
            "OxfordIIITPet": 0.9525756336876533,
            "Flowers102": 0.76418929907302,
            "CIFAR100": 0.812,
            "PCAM": 0.803314208984375,
            "FER2013": 0.4758985789913625
        },
        "Zero-shot": {
            "Cars": 0.7775152344235792,
            "DTD": 0.5531914893617021,
            "EuroSAT": 0.5986574074074074,
            "GTSRB": 0.5055423594615994,
            "MNIST": 0.7636,
            "RESISC45": 0.7104761904761905,
            "SVHN": 0.5844729563614014,
            "SUN397": 0.6827707808564232,
            "STL10": 0.993625,
            "OxfordIIITPet": 0.9359498500953939,
            "Flowers102": 0.7905350463489998,
            "CIFAR100": 0.7582,
            "PCAM": 0.5120849609375,
            "FER2013": 0.3815826135413764
        }
    },
    "20 Tasks": {
        "TSV-M": {
            "Cars": 0.8093520706379803,
            "DTD": 0.8228723404255319,
            "EuroSAT": 0.9624074074074074,
            "GTSRB": 0.9078384798099762,
            "MNIST": 0.9733,
            "RESISC45": 0.9015873015873016,
            "SVHN": 0.8977028272894899,
            "SUN397": 0.743727959697733,
            "STL10": 0.99275,
            "OxfordIIITPet": 0.9599345870809485,
            "Flowers102": 0.8487558952675232,
            "CIFAR100": 0.8254,
            "PCAM": 0.85052490234375,
            "FER2013": 0.6391752577319587,
            "CIFAR10": 0.9793,
            "Food101": 0.9225742574257426,
            "FashionMNIST": 0.9077,
            "RenderedSST2": 0.8303130148270181,
            "EMNIST": 0.9923,
            "KMNIST": 0.775
        },
        "TSV-C": {
            "Cars": 0.9047382166397214,
            "DTD": 0.9739361702127659,
            "EuroSAT": 0.9987037037037036,
            "GTSRB": 0.9908155186064925,
            "MNIST": 0.998,
            "RESISC45": 0.9673015873015873,
            "SVHN": 0.9811770129071912,
            "SUN397": 0.8061460957178841,
            "STL10": 0.995,
            "OxfordIIITPet": 0.9566639411283728,
            "Flowers102": 0.9744673930720442,
            "CIFAR100": 0.9242,
            "PCAM": 0.905059814453125,
            "FER2013": 0.7645583728057955,
            "CIFAR10": 0.9922,
            "Food101": 0.9535445544554455,
            "FashionMNIST": 0.9568,
            "RenderedSST2": 0.85722130697419,
            "EMNIST": 0.997975,
            "KMNIST": 0.9857
        },
        "Weight Average": {
            "Cars": 0.7857231687601045,
            "DTD": 0.597872340425532,
            "EuroSAT": 0.7631944444444444,
            "GTSRB": 0.5908155186064925,
            "MNIST": 0.9252,
            "RESISC45": 0.7596825396825397,
            "SVHN": 0.708358942839582,
            "SUN397": 0.7025692695214106,
            "STL10": 0.99375,
            "OxfordIIITPet": 0.9446715726355955,
            "Flowers102": 0.7983411936900309,
            "CIFAR100": 0.8272,
            "PCAM": 0.708648681640625,
            "FER2013": 0.40568403455001395,
            "CIFAR10": 0.973,
            "Food101": 0.9253069306930694,